Product,Target Audience,Price Range,Marketing Channel,Key Message,Season
Eco-Friendly Sneakers,Gen Z,80-120,Social Media,Save the planet with every step,Spring
Luxury Running Shoes,Millennials,150-300,Instagram,Performance meets style,All Year
Athletic Training Shoes,Fitness Enthusiasts,100-200,YouTube,Unleash your potential,Summer
Casual Canvas Sneakers,All Ages,40-80,Influencer Marketing,Comfort for everyday adventures,Spring/Fall
High-Tech Running Shoes,Serious Runners,200-400,Specialty Stores,Advanced technology for peak performance,All Year
Fashion Sneakers,Fashion Forward,120-250,Fashion Blogs,Make a statement with every step,All Year
Kids Sneakers,Parents,30-60,Parenting Forums,Durable and comfortable for growing feet,Back to School
Workout Sneakers,Gym Goers,80-150,Fitness Apps,Power through your workout,All Year
Walking Shoes,Seniors,60-120,Health Magazines,Comfort and support for active aging,All Year
Limited Edition Sneakers,Sneakerheads,200-500,Social Media,Exclusive drops and rare finds,All Year
